NomeMarca;Referencia
MANN;1
CONTINENTAL;2
DAYCO;3
FIX-IT BRAKE PARTS;4
UNIVERSAL;5
COFAP;6
DUNLOP;7
AUT STAR;8
SPEED BRAKE;9
HIPER FREIOS;10
INA;11
FAMA;12
MOBENSANI;13
UNION;14
KITISBOR;15
BRASMECK JUNTAS AUTOMOTIVO INDUSRIA E COMERCIO LTDA;16
SYL;17
PIONEIRO;18
GAUSS;19
VTO;20
OLIMPIC;21
SEINECA;22
GATES;23
REIFOR;24
GBR;25
FAG;26
NXM;27
SKF;28
FIAT;29
TIMKEN;30
MTF;31
GM;32
CINAP;33
MOBIL;34
GAMA;35
ACDELCO;36
SCAPES;37
NEW;38
COLUMBIA;39
YMAX;40
MULTI RAD;41
MANDO;42
IKS CABLEX;43
JEEP;44
UNIFORT;45
POWER FOX;46
PERFECT;47
RENOLDE;48
PROTORK;49
FORD;50
TESLLA;51
JCV;52
FOXLUX;53
MOBKITS;54
CEDRAZ;55
KING;56
PARAMOTOS;57
WESTER;58
ASG;59
ERBS;60
AUTOPAR;61
AL;62
AJAX;63
FACOBRAS;64
PATHWAY;65
BROSOL;66
MQ;67
VOX;68
GRID;69
IGUACU;70
EURO;71
SABO;72
RUFATO;73
SHELL;74
ZAGONEL;75
DNI;76
ATE;77
ZEBU;78
ROCAN;79
BZM;80
VIATEK;81
BOSCH;82
VULCAN;83
NAKATA;84
HBL;85
AWA;86
MERCADISEL;87
STLU;88
AUTOMOTIVECEMAK;89
EVO BRILHO;90
ROC;91
VALPLAS;92
IMA;93
JUPITER;94
STATION;95
PHILIPS;96
MELFAPLAST;97
MECADIESEL;98
DEFREIOS;99
TECFIL;100
J.FLEX;101
GASKETS;102
RACE;103
CIRCUIT;104
SULCARBON;105
MARILIA;106
METAL LEVE;107
ZM;108
COFRAN;109
CORTECO;110
SCA;111
TRILHA;112
POWER BRIL;113
COMPEG;114
LP;115
MEC;116
HVR;117
WAI;118
STAR;119
CENTERPARTS;120
CONTROIL;121
ZEN;122
MANUPLAST;123
MAGNETRON;124
SCT;125
EVOLUTION;126
ALLEN;127
VELTH;128
GTMOTOR;129
NGK;130
EMBU´S;131
REITRON;132
DANIDREA;133
REDFOX;134
SIVERST;135
MHX;136
VIMAP;137
INOV;138
VINI;139
G-LIGHT;140
MEGAVILLE;141
AUTOTEC;142
SERVITEC;143
SILENT CHAIN;144
GAVILAN;145
CHOHO;146
AL ACESSÓRIOS;147
WGK;148
GVS;149
OLLION;150
ILLION;151
VAZ;152
VELOX;153
CPL;154
FEY;155
DUAS BARRAS;156
AGUIA;157
VMP;158
OSRAM;159
VORAZ;160
AMPRI;161
DLZ;162
HIKARI;163
EVERESTT;164
POWERGRIP;165
ARBYN FAVARO;166
PROTEC;167
AF;168
VAZ;169
PIRELLI;170
MARZU;171
ALPHA FACTOR;172
REACH;173
JF;174
DORF;175
PLASMOTO;176
DAGOSTIN;177
POLIMET;178
HONDA;179
GENUINAS;180
ARS;181
MICRO UNY;182
PROJETIL;183
MOTOBOR;184
TRIBAL;185
OG;186
CRISTAL;187
DS;188
ORBIVED;189
QUATRO X QUATRO;190
MAHLE;191
AUTOMAX;192
ARIELO;193
PRO MAX;194
FILTRAN;195
KOLBENSCHMIDT;196
HAMP;197
AQUARIUS;198
MAX;199
SCORPION;200
RIALLI;201
SINTEX;202
CONFORT;203
LIDER;204
STILUS;205
MELC;206
MOFARDINI;207
LEVORIN;208
POLIVISOR;209
RAINHA DAS SETE;210
MS REDE;211
IGNITEC;212
VALCLA;213
M.A ACESSORIOS;214
SILVERST;215
ROMAZI;216
GENERAL MOTORES;217
ANROI;218
EATON;219
WEGA;220
DHB;221
CHAPAM;222
EMBRETEX;223
HELIAR;224
MAGNETI MARELLI;225
DINAMO;226
MOTORCRAFT;227
SPORTTIVE;228
SOAAL;229
SPAAL;230
ABRO;231
ELAION;232
CARLUB;233
METAL MATRIX;234
FORTLEV;235
TRAMONTINA;236
HERC;237
TERRAPLAS;238
RESOLIT;239
KONDOR;240
KIT EMBREAGEM;241
DOFAB;242
VDO;243
WEBER;244
AJE;245
VALCLEI;246
TRW;247
BASTON;248
BRASCOVED;249
VONDER;250
DS;251
HAVOLINE;252
PARABRISA;253
BFX;254
PLATINUM;255
VR MAX TURBO;256
FALCO;257
COMPETTI;258
DRIVEWAY;259
CORAL;260
CATON;261
FRASLE;262
SOLOPES;263
AUTOTECHNIK;264
VALLI FLEX;265
TRALI;266
INDUSPEC;267
KIT E CIA;268
GLOBO;269
INDISA;270
GLOBAL;271
TK FREIOS;272
ZTL BRASIL;273
SACHS;274
LUK;275
KATHO;276
BASTOS;277
VOLTEX;278
COLORE;279
VW;280
BROKIT'S;281
NOBUCK;282
MAD SPEED;283
TURBOGAS;284
E-KLASS;285
ASX;286
CINOY;287
TAN CLICK;288
BRAKE SERVICE PARTS;289
AJ RORATO;290
SAMPEL;291
ORIGINAL;292
JAHU;293
AXIOS;294
LONIL;295
CINDUMEL;296
SO PICK-UP;297
V&B;298
RADIAL;299
MOTECH;300
FTE;301
DELPHI;302
PERFORM;303
LUBRAX;304
INDISA;305
PATRAL;306
HIBLACK;307
FERTAK;308
LOCTITE;309
FRONTIER;310
UNIFAP;311
MWM;312
ZANAFLEX;313
MTE-THOMSON;314
KOPLA;315
LUCAS;316
MERCO PARTS;317
ESTAN;318
IINAA;319
SINTECH;320
POLYCAR;321
TECH ONE;322
JURID;323
GONEL;324
DPF;325
YOKORAMA;326
AMANCO;327
NAT;328
NEW CAR;329
POSITRON;330
TSA;331
TUBA;332
AUTOGLASS;333
BETASEAL;334
METARLUICA;335
ESTEVES;336
REAL;337
ALUMASA;338
MARFLEX;339
KITSBOR;340
PREMIER BOBINAS;341
VP;342
FREMAX;343
VARGA;344
IKRO;345
SCOTCH;346
NYTRON;347
WAHLER;348
MECA BRAZIL;349
EFRARI;350
URBA;351
ZINNIGU;352
METAGAL;353
MULTIFLEX;354
ATEMIS;355
TVN;356
IBFT;357
RADNAQ;358
SNR;359
SHADEK;360
DISK BOR;361
ORBI;362
ALMAPY;363
RECRIN;364
PETRONAS;365
CAR 80;366
VISCONDE;367
VETOR;368
PLASTIC;369
METALSUL;370
VALEO;371
TRIADE;372
ONBAT;373
HALOWAY;374
TMP;375
RUVILLE;376
VULCAN;377
MARCAPE;378
PICK-UP;379
SCHADEK;380
SANTA CRUZ;381
APEX;382
LUX;383
VALVOLINE;384
IMPORTADO;385
RC;386
NORFLEX;387
ORGUS;388
LOGASA;389
SENSORAUTO;390
FRAM;391
ASH;392
RDL;393
DINIZ;394
IDS;395
EXT;396
LORENZZA;397
ROSAGRES;398
APLIC;399
INTERFIX;400
ALMATA;401
THOMPSON;402
UNICK;403
KARINA JULIMAR;404
GIRA PARTS;405
FIORENZI;406
RIOSULENSE;407
GRANPLAST;408
NTK;409
SAMBEL;410
FITAM;411
REN;412
RF;413
HELLA;414
KOBLA;415
HIDROTINTAS;416
QUARTIZOMIL;417
BLAWER;418
SAMKIT;419
GDE;420
AUTO GLESS;421
UNIVERSAL;422
MG MANGUEIRAS;423
SDL;424
NEW TYRE;425
GERDAU;426
KALLED;427
SOPRANO;428
JOMARCA;429
VOLDA;430
LUCONI;431
PISAFIX;432
BWG;433
TRW;434
SMARTH;435
DSC;436
GONEL;437
ZNF;438
BOTERO;439
VOIL;440
MRA;441
FLORIO;442
TAKAO;443
AUTO PARTS;444
BOCHENG;445
RPD;446
DURAKIT;447
VIBRASIL;448
EXPEDIDOR;449
EXPEDIBOR;450
NDC;451
MUNDIFLEX;452
MOURA;453
ZETTA;454
LUBEL;455
JAMAICA;456
SMARTH;457
ZWF;458
MR&F;459
ATLAS;460
GALAX;461
METALVI;462
METALVI;463
CRB;464
8-BR;465
AMORTEX;466
MAXAUTO;467
CAUPLAS;468
SUPER SL;469
TEK BOND;470
ROMA;471
SUPORTE REI;472
BELGO;473
WMW;474
COBREQ;475
MAXON;476
INPECA;477
ROLT DO BRASIL;478
STARFIL;479
MIL;480
ECO;481
FABRECK;482
STARFIL;483
STICKS;484
SULOY;485
POLO;486
mak;487
AUTOMORTEX;488
VIEMAR;489
DXLUB;490
TAF;491
STRIKE;492
FABRINE;493
ELETRIC;494
FORTEC;495
VCA;496
HORIZON;497
WISA;498
BREMA;499
SOFIBOR;500
QUARTIZOLAR;501
CERAL;502
MULTILIT;503
FIORI;504
BESTFER;505
INCA;506
METASAL;507
PLASTUBOS;508
GABRIELLA;509
VIAPLAST;510
ADERE;511
PLUZIE;512
GABRIELLA PISO;513
FORCE;514
REDAM;515
PRIMULA PLUS FIORI;516
LUZARTE;517
LINEA LIGHT;518
ILUMI;519
FARBEN;520
ANDRALUZ;521
THOR;522
QR;523
RADIBRAS;524
GERA 40;525
MARVINI;526
POLY REPAROS;527
HAMMER;1526
PADOVA;1527
FENIX PRODUTO AÇO;1528
HCN;1529
IPIRANGA;1530
MEBER  METAIS;2530
BLUKIT REPARO;2531
SUVINIL TINTAS;2532
CONSTRUPISO;2533
SAAD CALÇADOS;2534
EXPEDITUDO;2535
MUNDIAL PRIME;2536
LONAFLEX;2537
VOBER;2538
ARTEC PISOS;3538
INCOPISOS;3539
MAJOPAR PISOS;3540
PISO CRISTO FOLETTI;3541
CRISTO FOLETTI PISOS;3542
PISO REALCE ESMALT;3543
HI TECH;3544
FIORENZI;3545
WAR;3546
DM;3547
DISCAP;3548
3-RHO;3549
PISO;3550
PORTAS RIBEIRO FRIZADA;3551
MAXFORT;3552
TAURUS;3553
PREMIUM;3554
DHEMES;3555
STICKS;3556
BSB ROL;3557
FRENOBRAS;3558
TRANSLUB;3559
SUPRAMX;3560
METALSYSTEM;3561
AUTOMOTIVE PARTS;3562
BCR;4562
IRB;4563
NAKAMOTO;4564
IZI BEARINGS;4565
MIDE;4566
VBL;4567
DINPAR;4568
TARANTO;4569
TAS;4570
MAZZICAR;4571
CECCARELLI;4572
LION;4573
PLASBOHN;4574
KRONA;4575
ULTRA;4576
GRARRO;4577
AUTOBIKE;4578
JEPAFLEX;4579
DE PAULA PARTS;4580
MAX FERRAMENTAS;4581
MOMFORT;4582
SUPECAS;4583
KRM;4584
SPEED PART'S;4585
DENSO;4586
LONI CABOS;4587
BAHIA INDUZIDOS;4588
TR;4589
MARCON;4590
SUPRA;4591
SCHUNK;4592
R/A ROTORES;4593
ELRING;4594
APLIC RESOLIT;4595
AMANDO;4596
CONDOR;4597
ASA;4598
PETROL;4599
GUARU;4600
NOTUS;4601
BRK;4602
CORTAG;4603
CRG;4604
LAZZUDUR;4605
ANJO;4606
ARCA;4607
CGR;4608
RHEINMETALL;4609
KBC;4610
MERITOR;4611
BRAVUS;4612
SILVANA;4613
ASTRA;4614
ARTEB;5612
SEG;5613
TECHNOLOGY;5614
CABOVEL;5615
DRIVITEC;5616
COLA+;5617
CENTRALSUL;5618
KOSTAL;5619
HMF BEARINGS;5620
CAR2000;5621
GRUPO FUZER;5622
TANTTO;5623
RIC;5624
AUTO FORMA;5625
SPARE;5626
M SEVEN;5627
PANNDAO;5628
CEMAX;5629
DANCAR;5630
FLASH COVER;5631
SELENIA;5632
